﻿Designator,Footprint,Quantity,Value,LCSC Part #
"C1, C10, C11, C15, C17, C19, C2, C6, C7, C8, C9",0603,11,1uF,C15849
"C12, C20, C21, C22, C23, C24, C25, C26, C27, C28, C29, C3, C30, C31, C32, C33, C34, C35, C36, C4, C5",0603,21,100nF,
"C13, C14, C16, C18",CP_EIA-3216-12_Kemet-S,4,10uF,C7171
"D1, D10, D15, D16, D17, D18, D2, D23, D24, D25, D26, D31, D32, D33, D34, D7, D8, D9",0603,18,LED,
"D11, D12, D13, D14, D19, D20, D21, D22, D27, D28, D29, D30, D35, D36, D37, D38, D5, D6",D_SOD-323_HandSoldering,18,CUS10S30,
D3,D_SOD-323,1,CUS10S30,
D4,D_SOD-523,1,B3V6,C455026
J1,PinHeader_1x02_P2.54mm_Vertical,1,BOOT,
J2,USB_C_Receptacle_G-Switch_GT-USB-7010ASV,1,USB_C_Receptacle_USB2.0_16P,
J3,PinSocket_1x06_P2.54mm_Vertical,1,UART,
J5,PinHeader_1x02_P2.54mm_Vertical,1,DC_IN,
"K1, K10, K11, K12, K13, K14, K15, K16, K2, K3, K4, K5, K6, K7, K8, K9",Relay_DPDT_Omron_G6K-2F-Y,16,G6K-2F-Y,
"NT1, NT2",NetTie-2_SMD_Pad0.5mm,2,NetTie_2,
"Q1, Q10, Q11, Q12, Q13, Q14, Q15, Q16, Q2, Q3, Q4, Q5, Q6, Q7, Q8, Q9",SOT-23,16,Si2302CDS,
"R1, R10, R11, R12, R13, R14, R15, R16, R2, R3, R4, R5, R6, R7, R8, R9",R_Axial_DIN0617_L17.0mm_D6.0mm_P20.32mm_Horizontal,16,100,
"R17, R18, R19, R20, R21, R30, R39, R40, R41, R42, R51, R52, R53, R54, R63, R64, R65, R66, R75, R76, R77, R78",0603,22,10K,
"R22, R23, R28, R29",0603,4,5K1,C844933
"R24, R25, R31, R32, R33, R34, R43, R44, R45, R46, R55, R56, R57, R58, R67, R68, R69, R70",0603,18,1K,
"R26, R27, R35, R36, R37, R38, R47, R48, R49, R50, R59, R60, R61, R62, R71, R72, R73, R74",0603,18,10,
"SW1, SW2, SW3, SW4",SW_PUSH_6mm_H5mm,4,RST,
"U1, U2",TO-92_Inline,2,LM35DZ,
U3,SOT-223-3_TabPin2,1,AZ1117-3.3,
U4,ESP32-C3-WROOM-02,1,ESP32-C3-WROOM-02,
U5,TSSOP-24_4.4x7.8mm_P0.65mm,1,TCA9535PWR,
